species,eccentricity,aspect_ratio,elongation,solidity,stochastic_convexity,isoperimetric_factor,maximal_indentation_depth,lobedness,average_intensity,average_contrast,smoothness,third_moment,uniformity,entropy
1,0.7269399999999999,1.4742,0.32396,0.98535,1.0,0.8359200000000001,0.0046566,0.0039465,0.04779,0.12795,0.016108,0.0052323,0.00027477,1.1756
36,0.59988,1.1427,0.71532,0.66101,0.47544,0.15747,0.11337,2.3394,0.050389,0.13585,0.018121,0.00619,0.00026454,1.1526
36,0.47195,1.0901,0.85409,0.53598,0.39649,0.078376,0.13227,3.184,0.08200700000000001,0.18782,0.034074,0.013487,0.00032855,1.5623
